,importance
AF8_gamma_power,0.0233621295102594
AF8_gamma_rel_power,0.017906402805958135
P4_std,0.016107769385232954
P8_gamma_rel_power,0.014010846576278456
TP7_gamma_rel_power,0.01044858222179269
C2_ptp,0.010274926344893569
F6_gamma_rel_power,0.010216875749292791
C1_std,0.009960726617970117
O1_gamma_rel_power,0.009725268797440997
P6_gamma_rel_power,0.009464025469866737
POZ_std,0.009278629332578956
FZ_theta_power,0.008944691583439197
C2_std,0.0089250758216496
P4_theta_power,0.008874955707324822
C1_gamma_power,0.008440806028205709
F8_gamma_rel_power,0.00838722914779572
P3_std,0.007930127970135321
FP2_gamma_power,0.0074483443830629745
F8_gamma_power,0.0069354566856568
P8_gamma_power,0.006600178728650645
C2_gamma_power,0.006529098856429297
TP7_gamma_power,0.006056141469827076
FCZ_std,0.005810318625979421
FP2_gamma_rel_power,0.005782179232308524
C1_beta_rel_power,0.005708224451067912
CPZ_std,0.005480766676908634
FZ_delta_power,0.0053536623770371085
AF2_theta_power,0.005326719599882095
P7_gamma_rel_power,0.005298120772865458
F6_gamma_power,0.005154210339406974
PZ_std,0.005036508435514505
FCZ_ptp,0.004942322866216069
P5_gamma_rel_power,0.004919245587087654
C1_ptp,0.004883694190153828
CP2_std,0.00480140106289556
CP4_ptp,0.004799501642602371
nd_gamma_power,0.004780642966309886
C1_delta_rel_power,0.00472471066652964
nd_gamma_rel_power,0.004687653187561886
FZ_beta_power,0.0045424142189798445
FC3_std,0.004452416219218838
P1_std,0.0042409767004119225
FPZ_theta_power,0.004212805998029686
F2_gamma_rel_power,0.003925927963944008
AFZ_theta_power,0.0038810874087222736
P4_delta_power,0.0038231194197435626
FC1_std,0.003755298557203211
FC4_theta_power,0.003560887266627842
P3_theta_power,0.0035298065546785005
CP6_gamma_rel_power,0.0035200185688013213
FCZ_theta_power,0.003517612823443479
P6_theta_power,0.0035150237426873118
CP2_alpha_power,0.00351097823285275
AF8_beta_power,0.0033905945048755826
AF8_beta_rel_power,0.003365195323870289
C1_gamma_rel_power,0.0033445019978600803
CP1_ptp,0.0033054409328199864
CP4_std,0.003279610071240766
POZ_ptp,0.0032654164260709855
AF8_theta_rel_power,0.0032216259421955014
P5_ptp,0.0031571827867833855
AF1_theta_power,0.0031123866468534857
AF1_delta_power,0.003048898160400416
TP8_gamma_rel_power,0.002970279752624528
P5_std,0.002943831948360307
FC6_gamma_power,0.0029192371975596387
FC5_std,0.0029172785643708783
OZ_gamma_rel_power,0.0029016762778829083
FC1_gamma_power,0.002866960785735467
C6_std,0.0028305475363901824
FC6_std,0.002789353434959906
FT7_gamma_power,0.0027418863371545497
CP4_theta_power,0.002712785267036682
P2_std,0.002706732458399096
C2_delta_power,0.002674013496120863
CP2_theta_power,0.0026625805752366173
FC4_beta_power,0.0026575472282468616
FC1_beta_power,0.002652256792393779
FC1_theta_power,0.0025951876793507338
POZ_theta_power,0.0025431841126035766
FC5_gamma_rel_power,0.0025403600782971263
FC6_beta_power,0.002533045284365011
C2_delta_rel_power,0.0024931125229917866
T7_gamma_rel_power,0.0024303528391497967
CPZ_alpha_power,0.0023899838530829437
O2_gamma_rel_power,0.002305072280726757
FC2_std,0.0022645557736555764
PO8_std,0.002256025573255612
FC5_gamma_power,0.002253930546453893
FZ_ptp,0.0022487522644201985
FCZ_delta_power,0.002244685881114765
P2_ptp,0.0022334098582038964
FP1_theta_rel_power,0.0021962660786360518
F1_theta_power,0.0021950465669009203
FC4_ptp,0.002153344860172931
AFZ_min,0.0021429627678684867
OZ_theta_power,0.0021409096690364667
C6_theta_power,0.0021255650175445815
C2_gamma_rel_power,0.0020171630718661686
FC4_std,0.002016825353055452
F2_std,0.0020014202289440064
P4_beta_power,0.001986290229476893
AF1_gamma_power,0.0019842162825305758
F6_theta_rel_power,0.0019640864268227476
F1_beta_power,0.0019347433718482762
AFZ_gamma_power,0.0019048551889585374
P2_delta_power,0.0018948559902277917
C2_min,0.0018923994133774342
F8_beta_power,0.0018911155348011921
FC5_delta_power,0.001845939279449762
FZ_gamma_power,0.001839183526277501
PO7_theta_power,0.001832743607320282
FZ_std,0.0018324987820100877
P7_gamma_power,0.0018254025203736028
FC4_gamma_power,0.0018181737485659945
TP8_gamma_power,0.0018153425253607369
FC1_delta_power,0.0018048934826775196
FC6_max,0.0017964707008816972
FCZ_beta_power,0.0017825756682977657
AF2_delta_power,0.0017643410256960282
P1_theta_power,0.0017622436150052062
FP1_delta_rel_power,0.0017517009304818876
F3_std,0.001750540896542794
PO8_gamma_rel_power,0.0017286063498765175
AF2_gamma_power,0.0017219030343756199
FC2_ptp,0.0016845012555696157
F6_theta_power,0.0016543129128619802
P5_delta_power,0.0016529353432152812
P3_gamma_rel_power,0.0016505129142170463
C2_beta_power,0.0016268018205707127
PZ_theta_power,0.0016125922058585112
PO7_ptp,0.0015953935985984003
F1_delta_rel_power,0.001583271998822512
PO7_gamma_rel_power,0.0015603826861123335
FT8_gamma_power,0.001553361063882784
FP1_gamma_power,0.0015322355807546014
C5_gamma_power,0.0015233626765177527
FC4_gamma_rel_power,0.0015056612429562618
TP8_theta_power,0.0015028567176204382
F2_min,0.0014952673206877832
AFZ_std,0.0014941457303668515
C2_kurtosis,0.001492094324594073
C1_delta_power,0.0014913860676974847
F5_theta_rel_power,0.0014898920388824297
P4_alpha_power,0.00146867266551463
T8_ptp,0.0014686307289876032
P4_ptp,0.0014655148690426157
C6_gamma_power,0.001460976459896602
F2_beta_power,0.0014536844657557781
C4_theta_power,0.0014372698534917874
CP2_ptp,0.0014322149572924417
AF7_beta_rel_power,0.00141941562501784
F2_ptp,0.0014108806246723002
F6_beta_power,0.0013907888290979737
FZ_skew,0.001386759235116517
AF7_gamma_power,0.0013749853408334656
C5_theta_rel_power,0.001366875281314922
FC5_ptp,0.0013584349244768173
C1_kurtosis,0.0013490861496755172
P2_alpha_power,0.0013460626594432221
CPZ_delta_rel_power,0.0013411329059938007
C1_min,0.0013390549524563311
P6_std,0.001338263844963109
AF2_theta_rel_power,0.0013131059339573225
FZ_delta_rel_power,0.0013116212301105509
FC5_beta_power,0.0013092665637311446
CPZ_alpha_rel_power,0.0013043612864974295
P1_alpha_rel_power,0.0013040380277458455
O1_theta_rel_power,0.0012993586234939008
AF2_beta_power,0.0012944299662974459
X_beta_power,0.0012862916733083062
FC2_delta_power,0.0012848906639636247
FC2_delta_rel_power,0.0012700594411182526
OZ_gamma_power,0.0012660940396557008
C2_quartile_3,0.0012643510604338046
C6_quartile_1,0.001261286974708339
CP5_gamma_rel_power,0.0012553627598701695
O1_std,0.0012454921781293454
PO1_gamma_rel_power,0.0012320099281997656
O2_std,0.00122727676694202
P3_ptp,0.0012260655235445965
F3_gamma_power,0.001224540778419413
AFZ_quartile_1,0.0012223091039667842
CP6_std,0.0012213170398700554
AFZ_alpha_rel_power,0.0012184032369370892
CPZ_ptp,0.0012177043424995086
F2_theta_power,0.0012130785535597786
CP6_theta_power,0.0012122226143606333
F3_theta_power,0.0012075761298454876
F8_theta_rel_power,0.001202881625864346
F4_gamma_power,0.0012017525931871866
C6_delta_power,0.001201312239466396
C1_max,0.0011864122203751775
F8_theta_power,0.0011860487450623138
FC1_alpha_rel_power,0.0011850055511433907
P1_gamma_rel_power,0.0011674535465877598
O2_ptp,0.0011614746490697103
F1_delta_power,0.00115699244610086
CP3_kurtosis,0.0011559666473213983
F1_std,0.001151287823138278
PO8_theta_rel_power,0.0011466151396550112
C3_theta_rel_power,0.0011398412428034227
FC5_min,0.0011349338490296837
FC6_ptp,0.0011333111924900728
C1_alpha_power,0.0011332498468274198
O2_gamma_power,0.0011315095573729166
C4_beta_power,0.001127540455015167
F2_delta_power,0.0011267223714486467
PO1_std,0.0011250579787412576
P7_theta_power,0.00112501904504528
CP6_alpha_power,0.0011239183285854364
CP3_std,0.001123416744056955
AF1_alpha_rel_power,0.001116720095519837
P4_max,0.001114498316089714
CP1_delta_power,0.001100328106248417
AFZ_beta_power,0.001097720666188449
CP1_theta_power,0.0010961410841230995
AF8_delta_rel_power,0.0010945589074708327
C3_mean,0.0010865586859601024
FCZ_alpha_rel_power,0.0010788765945835832
F7_beta_power,0.0010752182439683206
F5_theta_power,0.0010703530065923495
FP2_delta_rel_power,0.0010588855092769991
C6_alpha_power,0.0010424283286650418
FC2_skew,0.001040592153738991
FP1_gamma_rel_power,0.0010057698206023924
F4_gamma_rel_power,0.0010026781128763783
F1_alpha_rel_power,0.0009978972879293232
F7_theta_power,0.000994328961761882
AF8_kurtosis,0.000992909721700829
OZ_ptp,0.000992196908342738
PO2_max,0.0009871439608939805
nd_beta_power,0.000983184390466359
C3_theta_power,0.0009810117777807623
FCZ_theta_rel_power,0.0009800826220685975
FC3_gamma_power,0.0009737321255201393
C6_min,0.000973626663922797
CP2_beta_power,0.0009691893097727682
FT8_gamma_rel_power,0.0009654827971652718
C3_delta_power,0.0009627138456465832
CP4_alpha_power,0.0009626854834513813
F1_ptp,0.0009581927804501046
F8_min,0.0009556273973918049
FP1_quartile_1,0.0009547852669543338
CP4_gamma_power,0.0009487875319049888
P5_beta_rel_power,0.000947164494935996
AF7_gamma_rel_power,0.0009442043582924331
F1_gamma_power,0.000933644537161556
FC6_gamma_rel_power,0.0009322580036696765
F2_alpha_rel_power,0.0009315592985842744
CP2_alpha_rel_power,0.0009308121534789108
P6_delta_power,0.0009284927411989896
CP5_gamma_power,0.0009081119303097174
F8_ptp,0.0009076393375397465
F3_min,0.000905043171704278
POZ_delta_power,0.0008921676939516289
P4_gamma_rel_power,0.0008873942714429568
C4_delta_power,0.0008800011686833448
nd_alpha_rel_power,0.000871063569281689
PZ_quartile_3,0.0008652562294750955
TP8_theta_rel_power,0.0008649598663199765
C6_ptp,0.0008589243344546507
P5_theta_power,0.0008579336293186798
P1_max,0.00085380050643102
FC5_theta_power,0.0008511805411911753
CPZ_beta_power,0.0008502471586618196
C2_max,0.0008379721672879272
C5_gamma_rel_power,0.0008372850913934975
O1_theta_power,0.0008345235912987145
FCZ_median,0.0008343085013948724
P3_max,0.0008289351884391237
P4_beta_rel_power,0.0008249012533261482
F1_quartile_1,0.0008243910602336639
F8_delta_rel_power,0.0008226896637753406
P2_beta_power,0.0008031234908741236
C3_min,0.0007955923813932809
FT7_theta_power,0.0007917548524105283
FP1_std,0.0007909319321294047
F2_delta_rel_power,0.000790110919121603
PZ_gamma_rel_power,0.0007893281871617838
PO8_theta_power,0.0007843822810402316
POZ_gamma_power,0.0007826322151742509
X_gamma_rel_power,0.000778321918771408
C6_gamma_rel_power,0.0007728436569905239
C2_theta_rel_power,0.0007721437733279922
AF8_delta_power,0.000771986287906221
AF7_theta_rel_power,0.0007695314339870589
TP8_delta_power,0.0007682482269758186
C5_theta_power,0.0007659514060292221
OZ_std,0.000764443210588912
POZ_alpha_power,0.0007623255568591663
F3_beta_power,0.0007585797331805469
AF2_delta_rel_power,0.0007536488416684345
CP4_theta_rel_power,0.0007519374360557458
FCZ_max,0.0007492266275426223
P7_delta_power,0.0007490732402494949
FC6_median,0.0007481727919391979
CPZ_gamma_power,0.0007463577395163533
AF7_theta_power,0.0007420006910561106
PO8_max,0.0007410236903353443
FT8_skew,0.0007357174917545081
F8_median,0.000735019129883225
AF1_beta_power,0.0007328396608359161
FC1_gamma_rel_power,0.0007296294306357716
CP1_alpha_rel_power,0.0007292235818318212
T7_max,0.0007282890028210986
O1_quartile_1,0.000726958366841503
PO7_beta_rel_power,0.000726594184309634
AF7_std,0.0007253249814992682
P1_alpha_power,0.000721315522905376
P7_skew,0.0007206369685523988
FC2_theta_power,0.0007181477970921402
AFZ_ptp,0.0007092594395834369
OZ_delta_rel_power,0.0007023600863759248
PO1_gamma_power,0.000698703952564281
FZ_alpha_rel_power,0.0006972829801489826
F6_delta_rel_power,0.0006937739703089361
FC3_gamma_rel_power,0.0006911207068747495
PO2_gamma_rel_power,0.0006910488004743588
FT8_ptp,0.0006883112091540824
CP2_max,0.000687568896923148
O1_gamma_power,0.0006758273805391973
AF2_alpha_rel_power,0.0006734874062675641
Y_beta_rel_power,0.000672137063725132
X_ptp,0.0006718212220755589
PZ_delta_rel_power,0.00067156828107765
PO2_ptp,0.0006705987523048764
P3_beta_power,0.00066902973380864
FP1_quartile_3,0.0006688667530421849
PO8_quartile_1,0.0006685824150896471
PO7_beta_power,0.0006670588805851377
FT7_theta_rel_power,0.0006665905037977828
P2_beta_rel_power,0.0006621890718269933
O1_ptp,0.0006621249235741383
C4_skew,0.0006579515170427216
FCZ_kurtosis,0.000657451317419403
AF7_alpha_power,0.0006562202605000079
C1_theta_power,0.0006557128668805199
CPZ_theta_power,0.0006548609875231312
F8_alpha_rel_power,0.0006529597437232849
AF1_min,0.0006528453360401882
FT7_beta_power,0.0006502765312049791
FT8_beta_power,0.0006496756285419929
C3_std,0.0006491736337860718
AF7_quartile_3,0.0006488817489061319
P8_min,0.0006484982437491931
TP7_beta_power,0.0006476322185287234
PO2_delta_rel_power,0.0006440588060414909
F6_kurtosis,0.0006420938230781021
F2_beta_rel_power,0.0006395236820714504
CPZ_delta_power,0.0006394700177107964
CP2_quartile_3,0.0006387808782789324
F5_beta_power,0.0006382870738623866
FC5_kurtosis,0.0006340705086363402
O2_alpha_power,0.0006282235017565624
PO8_median,0.0006282113126374531
TP7_delta_rel_power,0.000627189750267055
F8_alpha_power,0.0006246934437526283
FZ_alpha_power,0.0006233904246275264
PZ_alpha_power,0.000622505223026623
AF2_gamma_rel_power,0.0006216013224145135
F1_min,0.0006209349631980813
FC2_gamma_rel_power,0.0006197812675090513
O1_beta_power,0.0006177119686320414
F3_gamma_rel_power,0.0006158458260432032
Y_delta_power,0.0006148269767856654
C4_gamma_power,0.0006135246622458154
P6_gamma_power,0.0006094392144391335
PZ_max,0.0006087862011060581
CP3_gamma_rel_power,0.0006076504033060799
FC2_gamma_power,0.0006066523768694343
C6_beta_rel_power,0.0006058078780562876
FC2_mean,0.0006054885268089507
FC2_alpha_rel_power,0.0006036133642113374
FPZ_theta_rel_power,0.0006034908848108743
P2_kurtosis,0.0006033692234091226
CZ_max,0.0006027487459257464
PO8_beta_rel_power,0.0006003762444519501
FC6_theta_rel_power,0.000598431629296266
FP1_beta_rel_power,0.0005962053555243576
O2_skew,0.0005931555850420908
F2_alpha_power,0.0005929881786190578
CP3_alpha_power,0.0005923817902018995
T8_theta_power,0.0005900454247203583
F7_theta_rel_power,0.0005858401809281281
F5_mean,0.0005846255493373348
P2_mean,0.0005819643237929481
P3_alpha_power,0.000581675008080615
FT7_ptp,0.0005815896885918685
POZ_beta_power,0.0005771186289778935
FC2_quartile_1,0.000576772123449848
CP1_beta_power,0.000575469397563179
P4_theta_rel_power,0.0005754002607568384
T7_gamma_power,0.0005736938899222398
FC4_max,0.0005718238435260828
P3_alpha_rel_power,0.0005713788834801794
C2_mean,0.0005688302349877988
AFZ_delta_rel_power,0.0005653674951253376
CPZ_beta_rel_power,0.0005651585134441603
CP3_ptp,0.000563127979911083
F6_beta_rel_power,0.0005629419170611621
T8_gamma_power,0.0005623583274382192
P6_min,0.0005608900608012488
CP2_delta_power,0.0005600937956835772
CP6_theta_rel_power,0.0005589402689623248
POZ_theta_rel_power,0.0005579519231820051
PO1_quartile_1,0.0005573709970421326
P1_median,0.0005564740818002311
F3_delta_rel_power,0.0005553774179683761
O2_theta_rel_power,0.0005551065064641755
TP7_ptp,0.0005547650964494716
FT8_std,0.0005545848996315087
F7_median,0.0005545655814503436
C5_min,0.0005519338061100021
P2_gamma_rel_power,0.0005468887045563337
FP1_mean,0.000546740284622391
PO8_gamma_power,0.0005453222190134428
CP6_beta_power,0.0005410226658967912
FC2_quartile_3,0.0005405484173424117
FC3_delta_power,0.0005404160452406454
FC4_beta_rel_power,0.0005385231022098647
FC4_kurtosis,0.0005366239377154671
PO7_theta_rel_power,0.0005358501498323334
CP1_std,0.000534974601269699
C5_alpha_rel_power,0.0005348612967873334
F5_gamma_power,0.0005347871175240334
FC3_kurtosis,0.0005340908445514863
F3_alpha_rel_power,0.0005328530604123381
POZ_min,0.0005323937958628954
PO7_alpha_power,0.0005230524709091351
FC6_theta_power,0.0005228146116184533
FC5_quartile_1,0.0005223827929057279
P7_std,0.0005212918934081283
T8_min,0.0005194154194840411
P2_max,0.0005175154825539878
TP7_alpha_power,0.0005173251010672544
PO2_alpha_power,0.0005168518574337679
nd_beta_rel_power,0.0005163538881670011
FZ_quartile_1,0.000514681966192515
C6_max,0.0005141887260444367
FT7_alpha_power,0.0005135365728701765
O2_delta_rel_power,0.0005131886793671209
FC5_alpha_power,0.0005118584645115793
CP4_delta_power,0.0005114046022115076
F3_ptp,0.0005113181093178148
F8_kurtosis,0.0005093732358374621
FC4_theta_rel_power,0.0005078557999419844
FPZ_delta_rel_power,0.0005067226512167715
O2_median,0.0005060742918669971
FC2_beta_power,0.0005043159666128209
CP1_alpha_power,0.0005011014111969485
C6_median,0.0005004746572714958
CP2_kurtosis,0.0004996017350248179
FZ_min,0.0004984219583189096
F1_kurtosis,0.0004973574447131153
FC1_max,0.0004924544606308479
P1_quartile_3,0.0004922615207775628
F6_ptp,0.0004916367552948685
P8_delta_power,0.0004897381224699814
O1_delta_rel_power,0.0004885454540831513
F7_alpha_power,0.00048778106736153926
FC1_quartile_1,0.00048669789514629196
O2_kurtosis,0.00048481123523196084
FCZ_skew,0.00048354471726059345
PO1_beta_rel_power,0.000482547559021789
F5_ptp,0.00047965601681003304
C4_theta_rel_power,0.00047878670692482665
F7_ptp,0.00047820497244789514
F7_std,0.000474758617504102
FC5_theta_rel_power,0.0004741134017061499
FPZ_beta_rel_power,0.0004739634184609559
FC4_mean,0.00047340083675184827
AF8_alpha_rel_power,0.000472416361445243
C3_quartile_1,0.0004722782844489773
P2_median,0.00046938844408381616
P2_theta_power,0.00046909699731291976
FP2_quartile_3,0.0004677900939668959
F4_theta_rel_power,0.0004674417257533076
CP1_gamma_power,0.0004668881813325468
FC6_min,0.0004664936382188509
O2_theta_power,0.0004664791597397036
FC2_median,0.0004654630649568116
C6_beta_power,0.00046543305771942685
FT7_skew,0.00046532739006277095
FT7_beta_rel_power,0.0004647401678447219
Y_theta_rel_power,0.0004645172179731719
T7_theta_power,0.0004644092449297334
P7_alpha_power,0.0004640723136083046
PO7_quartile_1,0.00046133125386780985
OZ_alpha_rel_power,0.00046002443997062673
AFZ_beta_rel_power,0.0004598042325350759
F5_quartile_1,0.00045975926746757057
PO7_kurtosis,0.0004583294131273548
TP8_alpha_rel_power,0.0004578502149651417
FC4_delta_rel_power,0.0004560532639324727
C5_std,0.00045483968896200053
AFZ_theta_rel_power,0.0004539566140500991
TP8_quartile_1,0.0004537689166607488
P6_kurtosis,0.00045265466445841454
FCZ_alpha_power,0.00045248570990169497
FC1_ptp,0.000450304252661514
F7_delta_power,0.0004495317836377128
AF8_quartile_1,0.00044947796217827856
Y_mean,0.0004487129077687178
PO8_delta_power,0.0004471984800991757
PO7_quartile_3,0.00044630015036037
P8_beta_rel_power,0.00044523150220212497
AFZ_kurtosis,0.0004446835537736784
P7_delta_rel_power,0.00044454228596458
FC1_median,0.00044383490923586015
PO2_quartile_3,0.000443619848235013
Y_std,0.00044314518456090295
CP1_skew,0.0004429596630888241
T7_theta_rel_power,0.0004419013457771639
FC6_kurtosis,0.00044097547928936213
CP1_min,0.0004408307545110917
F4_alpha_rel_power,0.0004393209701809411
FT8_mean,0.0004392773653567973
P6_beta_power,0.00043802193309789254
FC2_beta_rel_power,0.0004377122989950907
OZ_theta_rel_power,0.0004365470435624877
CP6_kurtosis,0.0004353498681306412
CP4_kurtosis,0.0004353214641538822
PO1_median,0.0004348215408954581
F5_beta_rel_power,0.00043464366143834124
CP4_skew,0.00043098993210550227
FT8_quartile_1,0.0004303251166598707
PO2_theta_power,0.00043023466645737625
FC6_quartile_1,0.0004295005485922565
AF1_beta_rel_power,0.0004282367951681441
P1_ptp,0.00042780938633587824
CP5_quartile_1,0.00042760590914569976
FPZ_beta_power,0.00042680723633934894
F6_quartile_1,0.00042517315208984044
TP8_median,0.0004240224817219264
F5_min,0.0004230536977137348
CP2_gamma_rel_power,0.00042288684194999706
CP6_median,0.0004207248203133584
P2_alpha_rel_power,0.0004197011360334673
PO7_gamma_power,0.0004177343413860031
F5_gamma_rel_power,0.00041674955815103386
C4_beta_rel_power,0.0004163232708588703
F5_delta_rel_power,0.0004160018325901874
P4_min,0.000414737140119735
F2_quartile_3,0.00041442180205155846
X_gamma_power,0.0004129230789587614
AF1_theta_rel_power,0.0004120549914196346
OZ_kurtosis,0.00041107918375407376
OZ_beta_power,0.00041067149851906987
P3_min,0.00040594131173682656
AFZ_skew,0.00040561084336522535
PZ_gamma_power,0.0004051307527752568
PO2_beta_rel_power,0.00040397505202120337
P3_gamma_power,0.00040314108021713646
PZ_beta_rel_power,0.00040254958552881704
P8_theta_rel_power,0.0004008677907857245
Y_delta_rel_power,0.00040035232652257865
P2_delta_rel_power,0.00040009325833268003
FC3_min,0.0003972839241399468
P7_max,0.00039710736416965017
FT7_gamma_rel_power,0.0003965538536741036
CP5_skew,0.0003961462882792009
P3_quartile_1,0.00039180401343187296
FC1_beta_rel_power,0.00039096388456915195
CP4_delta_rel_power,0.0003901271263332638
CP3_delta_power,0.00038917360383578236
PO8_kurtosis,0.00038885895241181126
CP4_gamma_rel_power,0.00038853188421312607
X_theta_power,0.0003865215199020193
PO7_delta_rel_power,0.0003864523770068619
O2_max,0.0003832493449900566
FC3_alpha_rel_power,0.0003829547352108142
F6_delta_power,0.0003828049029029111
FP1_ptp,0.00038272857051631847
FC3_max,0.0003822531192430993
POZ_quartile_3,0.00038137693785579596
CP4_beta_rel_power,0.0003813105128885511
CPZ_median,0.00038001925575684685
FC3_alpha_power,0.000378759020799316
PO2_min,0.0003786318031382408
T7_ptp,0.0003785280998185042
CP5_beta_power,0.0003766427779537536
nd_theta_rel_power,0.0003765656611500462
F4_beta_rel_power,0.00037636267394223225
TP7_delta_power,0.0003759411391075064
P7_beta_rel_power,0.0003730569138804823
T8_skew,0.0003730061876229391
C4_alpha_power,0.00037286549548413707
F5_median,0.00037174926746522466
C3_max,0.0003716594079915838
PZ_alpha_rel_power,0.0003701412098825791
AF2_skew,0.00036782619005998524
PO1_skew,0.0003673498529728444
T8_gamma_rel_power,0.00036611389166141554
FC2_alpha_power,0.00036379547105334545
PO1_ptp,0.00036271495197894385
T8_quartile_3,0.0003620463870391211
O1_mean,0.0003612287870687952
C5_delta_power,0.0003603321002951013
FCZ_gamma_rel_power,0.00036020334984455157
C6_theta_rel_power,0.00035975908730908837
P8_mean,0.00035907631110179266
P7_kurtosis,0.0003579944543704722
P7_ptp,0.00035677708333879156
FP1_min,0.00035568299005107645
FC5_skew,0.00035563926752103325
F7_gamma_power,0.00035525772130740404
FP1_kurtosis,0.00035524419296096145
P3_mean,0.00035515026391053534
AF2_std,0.000354209974821102
C2_quartile_1,0.0003537248681298496
POZ_skew,0.0003524000756623875
F8_std,0.0003521479546353041
Y_beta_power,0.0003510533032691201
F2_gamma_power,0.0003505881092731827
C6_skew,0.00034951384933475473
FPZ_median,0.0003494760847498511
F5_delta_power,0.00034921014434097724
FT8_theta_rel_power,0.00034828821774299864
AFZ_quartile_3,0.0003455284675398931
AFZ_median,0.00034505416442662777
T7_std,0.000344533132794508
PO8_ptp,0.00034379528509342243
PO2_std,0.00034370235864273734
FT8_min,0.00034247389924995183
FC1_alpha_power,0.0003423528333464887
T8_alpha_rel_power,0.0003414826390765194
O1_kurtosis,0.00033704634434738304
FP2_skew,0.0003361429865008207
CP5_delta_rel_power,0.00033575419500545006
AF1_quartile_1,0.0003353702080558274
F6_min,0.00033524103738863804
CP6_mean,0.0003343359366295587
FC3_theta_power,0.0003335851941329105
P7_mean,0.0003332425083639934
FP2_theta_power,0.00033303002529968097
F5_std,0.00033193562802550383
CP2_theta_rel_power,0.00033144053493972003
O1_min,0.00033046001312719614
O1_beta_rel_power,0.00033044838722530873
PO7_median,0.0003295808546459742
F5_max,0.0003281467068584875
CP2_quartile_1,0.0003272440530492254
T8_kurtosis,0.0003272267052474989
CP5_ptp,0.000326986609523067
C3_kurtosis,0.00032496596777430707
Y_quartile_1,0.0003248044989845832
Y_alpha_rel_power,0.00032428518539413586
CP5_beta_rel_power,0.00032381201311770325
FC2_min,0.00032363615739889847
F4_delta_rel_power,0.00032351640024353036
POZ_gamma_rel_power,0.00032340695189838936
CP4_min,0.00032277762159995375
TP7_std,0.00032182503457720474
FZ_gamma_rel_power,0.000321615825578889
PO2_delta_power,0.0003214390162521097
C3_gamma_power,0.00032140530666343627
P5_alpha_rel_power,0.00032139249140165194
P4_median,0.0003212534276381686
P4_gamma_power,0.0003211869251228871
CZ_skew,0.0003210905425236608
Y_skew,0.0003210606585438462
F1_max,0.0003205428929787511
CP1_quartile_1,0.00032010433964646876
PZ_beta_power,0.0003187597196758535
F3_kurtosis,0.0003187208904588816
F3_mean,0.00031781484055713814
CPZ_min,0.0003162004640757672
AF7_min,0.00031394011287422024
CP6_alpha_rel_power,0.00031297542788610773
C1_mean,0.0003128403611782911
C4_delta_rel_power,0.0003125795565554602
CP5_quartile_3,0.00031083469796336366
F5_quartile_3,0.0003104502822009165
T7_mean,0.0003104388374435776
FZ_theta_rel_power,0.0003099061275490666
TP8_max,0.0003098905292277489
C6_alpha_rel_power,0.00030870014158375944
FPZ_gamma_rel_power,0.00030837810523899183
F4_theta_power,0.0003078798354712213
FP1_beta_power,0.00030663670114861464
CP1_quartile_3,0.0003064271719861733
AF7_delta_rel_power,0.0003056042198270937
POZ_max,0.000305058634473395
FPZ_skew,0.00030419574952215376
PO1_theta_rel_power,0.00030379274193154864
OZ_quartile_3,0.0003035477013126439
FC6_delta_rel_power,0.0003026199950198356
P1_min,0.0003023364791904118
F4_beta_power,0.0003022031848902472
P5_gamma_power,0.00030158967948384837
FC5_delta_rel_power,0.00030126897272484863
FP2_theta_rel_power,0.0003011401177865943
C5_skew,0.00030083199702367553
AF7_max,0.00030033142193956774
F2_mean,0.0003000674219405446
F4_quartile_3,0.00029915415353704076
FC6_beta_rel_power,0.00029868445560783034
FT7_max,0.00029845600004252767
F7_mean,0.00029699274095675493
AF1_median,0.0002969519115936419
C4_max,0.00029691483655250236
AF8_quartile_3,0.00029680508641045033
AF8_skew,0.00029669369559366275
nd_alpha_power,0.00029565130867088076
FT7_quartile_3,0.00029556970248148626
C2_median,0.0002944293074141242
CP4_alpha_rel_power,0.0002941271761812054
AF1_std,0.00029290749388169
FP2_kurtosis,0.0002922392467325077
FC5_beta_rel_power,0.0002915257625552634
P5_median,0.00029101122650837215
PO1_theta_power,0.00029089087753885183
FC5_median,0.00028951938248228366
OZ_delta_power,0.00028936896207927933
P6_ptp,0.0002887619306730175
C1_quartile_1,0.0002880397116473221
FP1_max,0.0002874383634925804
FT8_theta_power,0.0002873551585248964
O1_quartile_3,0.0002869267545404054
AF1_ptp,0.0002856995049571808
F7_delta_rel_power,0.0002856339283092196
FCZ_min,0.0002850418949678217
FT8_delta_rel_power,0.0002837377872383759
CP5_alpha_rel_power,0.0002815857870796447
C3_beta_power,0.00028147652503624393
FT8_alpha_power,0.0002812999213759008
CPZ_mean,0.0002810001794165255
C3_ptp,0.00028041755886714216
T8_beta_power,0.00028020698335551547
FCZ_delta_rel_power,0.0002799022364200163
C4_kurtosis,0.0002786867483615113
FC3_mean,0.00027835980390775866
F2_quartile_1,0.00027799279087747307
CP5_kurtosis,0.000277858660038426
F1_mean,0.0002776383887478215
F3_skew,0.0002775579103064146
F1_theta_rel_power,0.0002773882145631831
P3_theta_rel_power,0.00027534530914400686
O1_delta_power,0.00027467107196129845
CP6_gamma_power,0.00027330605043338356
CPZ_quartile_3,0.000273076435959663
CP3_quartile_3,0.00027235376026528066
CP3_gamma_power,0.00027154174768353247
P6_skew,0.0002713638833490093
C5_kurtosis,0.00027111520969882167
FT7_median,0.00027057002219427965
CP3_theta_power,0.00027051352976372844
C4_min,0.0002704161782160756
C1_beta_power,0.000270398494729839
FT7_mean,0.0002701272058604819
FC4_min,0.0002699883335878253
F6_median,0.00026981069956417476
FPZ_delta_power,0.00026740286515630985
CPZ_quartile_1,0.00026695644524070514
TP8_quartile_3,0.0002668617502687135
O2_delta_power,0.00026626368871244274
F6_mean,0.000265349961205994
O2_beta_power,0.0002652148906993628
Y_median,0.00026493598581196217
CPZ_max,0.00026395686427168144
T7_quartile_1,0.0002638433630760519
X_skew,0.0002623316361911732
CP3_min,0.00026221381078458174
nd_quartile_1,0.00026175042079508616
F3_theta_rel_power,0.0002611743816613289
OZ_max,0.00026113304884349835
C5_quartile_1,0.0002610100678269771
X_kurtosis,0.0002610055668464118
FC6_alpha_power,0.00026093864473506666
CP6_delta_power,0.00026080960984280644
TP8_beta_power,0.00026073959237959585
AFZ_gamma_rel_power,0.00026062552183268015
FT7_delta_power,0.00025932575204545784
CP2_delta_rel_power,0.00025907652793771374
PO7_mean,0.0002590323236225534
AF8_theta_power,0.00025877543766106813
X_delta_power,0.0002581651634486749
C5_max,0.00025809667550543444
P6_delta_rel_power,0.00025706202787590955
C6_delta_rel_power,0.0002569703985974588
FT7_kurtosis,0.00025607711850097185
FC3_delta_rel_power,0.00025579993496516944
FC1_delta_rel_power,0.0002557867600325583
TP7_mean,0.0002551782598520768
P3_delta_rel_power,0.00025472552734953825
CP4_beta_power,0.0002546119262558543
CP5_alpha_power,0.0002541597839603555
PO1_delta_power,0.00025312067422677
TP7_theta_power,0.00025253631518091667
C4_median,0.0002522578635938959
FP2_alpha_rel_power,0.00025176065943904364
C1_theta_rel_power,0.0002506167699679087
nd_ptp,0.00024949554438565344
nd_theta_power,0.00024926534814457733
CP6_skew,0.00024796840314106816
Y_alpha_power,0.0002479677934674171
C6_kurtosis,0.000246175326316204
TP7_quartile_1,0.00024585484067194785
C2_alpha_rel_power,0.00024452084500415863
C1_median,0.0002439777811029129
FT8_delta_power,0.0002432123777165361
P6_alpha_power,0.000243094034377566
CP1_gamma_rel_power,0.0002415212639100247
F3_beta_rel_power,0.0002413857993212353
CP3_beta_power,0.00024092316912736973
FC2_kurtosis,0.00024001204349400333
C5_quartile_3,0.0002384432472787951
FP2_mean,0.00023821977040111182
TP8_min,0.0002379829582897548
C3_quartile_3,0.00023676366061416908
X_quartile_1,0.00023655511923560273
AF7_median,0.0002360490918970445
FC6_alpha_rel_power,0.0002357940072687659
PO2_theta_rel_power,0.00023567389561691325
PO8_alpha_rel_power,0.00023445341251254607
AF2_min,0.00023337294830884882
CP6_delta_rel_power,0.00023252277473905663
FT8_beta_rel_power,0.00023247546713859265
TP8_alpha_power,0.0002323562688334166
AFZ_max,0.00023038613520476832
FP2_median,0.0002296529957418497
mean_of_channel_means,0.00022870050031935274
AF8_alpha_power,0.0002286876531175875
C1_alpha_rel_power,0.00022742125788716025
CZ_theta_rel_power,0.00022723337950138512
F1_beta_rel_power,0.00022677582918546776
F4_quartile_1,0.0002260904101101312
PO7_delta_power,0.00022608765912398017
nd_delta_power,0.00022597164299456164
FZ_kurtosis,0.00022583298038132053
O2_mean,0.00022410981032097932
C2_beta_rel_power,0.00022403574120729073
PZ_theta_rel_power,0.00022364833830280887
FC1_min,0.0002219275963192738
P5_kurtosis,0.00022162389531361955
FCZ_quartile_3,0.00022143951190120665
O2_quartile_3,0.00022131526436436485
O2_beta_rel_power,0.00022062379437141647
T8_alpha_power,0.00022023122129100265
P8_quartile_1,0.00021975553471021328
TP7_skew,0.00021960380056003508
FC1_skew,0.0002194060152988539
F3_alpha_power,0.00021803157117823927
PO8_mean,0.00021745108268422024
F8_quartile_1,0.00021631197976228854
FCZ_gamma_power,0.00021614510736494392
C5_ptp,0.00021601023296786
F7_kurtosis,0.00021593499509559
FC4_alpha_power,0.00021587412923130137
CZ_ptp,0.0002152376393958897
TP7_alpha_rel_power,0.00021452526290437974
CP3_alpha_rel_power,0.0002134036942819932
P8_alpha_rel_power,0.00021243194862918295
AF8_ptp,0.0002111825265599178
C2_skew,0.0002107638224278859
X_min,0.00021007321474911966
POZ_alpha_rel_power,0.0002098972951355662
PO2_kurtosis,0.0002095068782351322
T8_quartile_1,0.00020920101926761767
CP3_median,0.00020895170475134173
X_alpha_power,0.00020766035994462386
F4_mean,0.00020717731593864982
CP6_beta_rel_power,0.00020552179841193467
CZ_quartile_1,0.00020470926913248623
PZ_kurtosis,0.00020461063169988257
Y_gamma_power,0.00020425815632333245
AF1_mean,0.00020392528378153474
FC3_theta_rel_power,0.0002032153397183923
POZ_median,0.00020243680539575084
P5_mean,0.0002023373618906292
AF7_alpha_rel_power,0.0002020790924936921
T7_delta_power,0.00020195338021991002
POZ_beta_rel_power,0.0002018532837025659
F1_alpha_power,0.00020080485341117575
P2_skew,0.000200477148349282
P1_beta_rel_power,0.00020015407370886233
Y_quartile_3,0.00019999739354887048
C2_alpha_power,0.00019921662622163883
FT8_alpha_rel_power,0.0001981426664196477
PO1_max,0.00019773013332295843
CZ_alpha_power,0.00019768590393098127
P7_alpha_rel_power,0.00019603882029163057
F5_alpha_power,0.00019597860220956558
PO1_delta_rel_power,0.00019491410117312885
C3_gamma_rel_power,0.00019473093990236053
Y_kurtosis,0.00019304141688387394
T8_max,0.00019299035573353023
F8_skew,0.0001928926231159607
FC5_mean,0.00019169848132752115
O1_alpha_rel_power,0.0001909064144766841
FPZ_gamma_power,0.00019055220969776298
O1_skew,0.00018976212155702254
CP6_quartile_3,0.0001890350444412397
F4_median,0.00018824450309835387
P3_beta_rel_power,0.0001876786062793751
CP4_max,0.0001871813799057184
C5_mean,0.0001867374686024771
CP5_min,0.0001865071008531429
FC5_max,0.00018618239054394046
FT7_delta_rel_power,0.00018560311700312836
PO8_alpha_power,0.00018503972951643068
T8_median,0.0001846899265258412
TP7_theta_rel_power,0.00018462510482465566
F7_min,0.00018423106310834985
C3_median,0.0001838297797429949
CZ_quartile_3,0.00018299325951935008
CP4_mean,0.00018263057142500338
F2_median,0.0001821551805637966
F6_alpha_power,0.00018032297474326122
FC1_mean,0.00017988716922483723
CZ_gamma_power,0.00017949751702126042
PO1_alpha_rel_power,0.00017794410988473036
nd_kurtosis,0.00017760375801597898
C2_theta_power,0.00017598390181623082
P8_quartile_3,0.00017588570026009088
F6_skew,0.0001739569209910021
CPZ_skew,0.0001735103523525655
PO2_gamma_power,0.00017338427851429976
CP6_min,0.0001726790386843647
PO2_median,0.00017177657180602712
T8_delta_rel_power,0.0001706135582084175
AF2_alpha_power,0.00017055083049900287
CP3_skew,0.00016983442166121392
AF2_beta_rel_power,0.00016761495647550217
CP3_max,0.0001674684318388276
FT7_min,0.00016668951219457107
X_alpha_rel_power,0.00016633388189348828
TP8_beta_rel_power,0.00016553877671419664
F1_quartile_3,0.00016530861777166978
C4_gamma_rel_power,0.00016492676537133337
P4_delta_rel_power,0.00016483493965837508
F7_alpha_rel_power,0.00016455612531753687
O2_alpha_rel_power,0.00016289269464665122
P5_delta_rel_power,0.00016248995196635834
PO7_min,0.00016180501941282313
FP1_alpha_rel_power,0.00016154462063380038
PZ_ptp,0.00016150811718926308
Y_theta_power,0.00016102339407992252
P5_theta_rel_power,0.00016009686497685396
X_quartile_3,0.00015996487951457086
nd_median,0.00015995236308860732
OZ_mean,0.00015968715645903596
F2_max,0.0001590494783233412
FP2_std,0.00015900030679747644
F4_kurtosis,0.00015866079026593941
T8_mean,0.00015813238821027305
TP8_std,0.00015785913676661636
FZ_beta_rel_power,0.00015759130899974246
FC6_quartile_3,0.00015712916693116845
F1_gamma_rel_power,0.00015672356215213362
F3_quartile_3,0.00015671172512112398
P1_beta_power,0.00015573535533008184
C1_skew,0.00015492755583604683
FPZ_kurtosis,0.0001549066036957052
O2_min,0.0001547245422207034
F6_max,0.0001543869516310463
FT8_kurtosis,0.00015257421201816533
P5_beta_power,0.00015255829313633827
PO1_kurtosis,0.00015234682679947836
FT8_max,0.00015233475101896136
P4_kurtosis,0.00015200727556190723
CP5_delta_power,0.000151481311218828
F4_min,0.0001507589855694582
P8_max,0.00015073212832671603
C4_ptp,0.0001505277534485199
O1_alpha_power,0.00015044321417407742
FCZ_mean,0.00014914952546820219
FC2_max,0.00014872241379311406
PO2_beta_power,0.00014837907170123606
AF7_delta_power,0.0001483349179542642
C4_alpha_rel_power,0.00014826677496235338
F7_beta_rel_power,0.0001468216884084672
P7_theta_rel_power,0.00014662273668617192
FC3_beta_power,0.00014599529939448574
TP7_quartile_3,0.0001426458157227388
OZ_quartile_1,0.00014246054938632378
F1_skew,0.00014246054938632378
CP1_kurtosis,0.00014097280073455432
CP2_gamma_power,0.00014088355984948514
OZ_min,0.00014080283019228345
PO1_alpha_power,0.00014055126510883673
P8_delta_rel_power,0.00014051266777519132
F7_gamma_rel_power,0.0001400884246198325
T8_std,0.0001398922133702031
FT7_quartile_1,0.00013986182822455333
FC3_quartile_3,0.00013745075850238534
FP2_ptp,0.0001370736787294975
FC4_quartile_1,0.00013707367872949747
AF7_beta_power,0.0001369381275263979
AF7_kurtosis,0.0001368865778355541
PO2_alpha_rel_power,0.0001366046194916136
FT8_quartile_3,0.00013637610368263516
C5_beta_rel_power,0.00013607849098030923
PO7_alpha_rel_power,0.00013515457691128498
CZ_delta_power,0.00013481071219471392
P4_quartile_3,0.0001343940241979882
F8_mean,0.00013214173021822162
CP1_delta_rel_power,0.00013204926941190673
FPZ_min,0.00013140496254230175
C5_alpha_power,0.00013002568177776839
PO1_beta_power,0.0001299357707509881
POZ_delta_rel_power,0.0001284396955503513
F4_std,0.0001283544562317549
P1_skew,0.0001278901097364105
AF2_max,0.0001267468313292168
FP2_beta_rel_power,0.00012664805954279638
T7_alpha_rel_power,0.0001259780096300215
CP4_quartile_3,0.00012495376020032385
FC6_delta_power,0.0001249421152910578
CZ_mean,0.00012390574190249904
PO2_skew,0.00012379238863338294
FC3_skew,0.00012255815572015532
FCZ_quartile_1,0.00012223553588598603
C3_skew,0.00012134000004508854
PO2_quartile_1,0.0001205049440260755
F6_std,0.0001187862636134272
PZ_min,0.0001187094155844156
FC4_skew,0.00011661521079392883
P3_median,0.00011305870531927282
FC3_quartile_1,0.0001128155091171289
CZ_beta_rel_power,0.00011169468456448986
FP1_alpha_power,0.00011142950804199796
FT7_std,0.00011142013295521707
FC1_kurtosis,0.00011062864665906416
PO7_max,0.00011059636949405063
CP4_quartile_1,0.00011057640769831191
F8_quartile_3,0.00011033517971846763
F5_kurtosis,0.00011012149721302403
P2_quartile_1,0.00010925123319379854
PO8_quartile_3,0.00010899226624065038
FC2_theta_rel_power,0.000108936432433345
FT8_median,0.00010886636343829481
TP7_beta_rel_power,0.00010877228363892568
T7_alpha_power,0.00010848858318956826
POZ_kurtosis,0.00010837641705624684
F2_kurtosis,0.00010826839992748149
CP2_beta_rel_power,0.00010776684634456305
OZ_beta_rel_power,0.0001076869232493252
FPZ_ptp,0.00010750052493325432
AF8_std,0.0001069989211864091
AFZ_delta_power,0.00010673905870252553
F7_quartile_1,0.00010636004426967323
P1_gamma_power,0.00010617391038674051
P8_beta_power,0.00010609447685960266
AFZ_mean,0.00010562608623227029
PZ_skew,0.00010512220950455487
P7_min,0.0001048875444799463
CZ_alpha_rel_power,0.00010464619936856693
CP1_beta_rel_power,0.00010390931716717284
CP3_theta_rel_power,0.0001034097781085733
X_max,0.00010329541652726665
nd_mean,0.00010313179863394897
CP3_delta_rel_power,0.00010312281302721167
P5_quartile_3,0.00010262811289178984
F1_median,0.00010255827386386925
AF1_kurtosis,0.00010244944659786101
FC3_ptp,0.00010231136459181
TP8_kurtosis,0.00010215314484806796
CZ_min,0.00010166177908113393
FC4_median,0.00010151991643642149
CP2_mean,0.00010083796156458047
CP4_median,0.00010061001032293414
FP2_beta_power,0.00010033099311014963
nd_min,0.00010000814067079131
AF1_alpha_power,9.98131296717582e-05
C4_mean,9.890539166141579e-05
PO2_mean,9.88318847469592e-05
C4_quartile_3,9.877264757451784e-05
FC5_quartile_3,9.870702540640735e-05
P5_min,9.785881565741051e-05
C3_alpha_power,9.758172300500684e-05
P8_std,9.665451705285082e-05
AF7_skew,9.649122807017544e-05
FP1_delta_power,9.643483343074227e-05
CP6_quartile_1,9.61546266233767e-05
FC1_quartile_3,9.536684319731439e-05
CP5_max,9.509616649103881e-05
FPZ_std,9.462403813984612e-05
F7_quartile_3,9.455673116081627e-05
FC1_theta_rel_power,9.450223310952643e-05
P1_kurtosis,9.447004568828999e-05
P6_alpha_rel_power,9.377386696663809e-05
P6_mean,9.183021219851574e-05
O1_median,9.165579641973476e-05
C3_beta_rel_power,9.04865828989059e-05
AF8_median,9.029321964319312e-05
CP1_theta_rel_power,9.028912251935214e-05
P7_median,8.833146221149367e-05
Y_gamma_rel_power,8.703054747421318e-05
AF2_kurtosis,8.555411114722134e-05
FP2_quartile_1,8.547632963179428e-05
P7_quartile_1,8.358771189192698e-05
T7_delta_rel_power,8.315565031982941e-05
P6_max,8.264034732490135e-05
CP5_theta_power,8.262687602891634e-05
TP7_max,8.182361556351004e-05
CZ_theta_power,8.159147543422472e-05
P5_quartile_1,8.143246905102174e-05
C3_alpha_rel_power,8.140602822075643e-05
P3_skew,7.752138968109928e-05
C6_quartile_3,7.676562949510269e-05
AF8_mean,7.636078840882391e-05
PO1_mean,7.615454539215156e-05
F3_max,7.611241217798595e-05
C1_quartile_3,7.604809879753005e-05
CZ_beta_power,7.423618071788761e-05
X_beta_rel_power,7.352989729726582e-05
AF7_ptp,7.22634597754204e-05
AF7_mean,7.183371028521915e-05
F6_alpha_rel_power,6.756665941478472e-05
CP1_mean,6.693265382798585e-05
CP2_skew,6.634441171860569e-05
T7_quartile_3,6.589860144955002e-05
C4_std,6.399059474758601e-05
AF1_max,6.0953641897432875e-05
F2_skew,5.680926096624789e-05
nd_quartile_3,5.666132969697313e-05
AF2_quartile_1,5.661157924532415e-05
F4_delta_power,5.646396326004585e-05
TP8_ptp,5.62144798616259e-05
CPZ_gamma_rel_power,5.6162207076208e-05
FP1_theta_power,5.6148500787038755e-05
X_median,5.589131289308179e-05
POZ_mean,5.58668821122839e-05
F4_alpha_power,5.585487280911143e-05
T7_min,5.584453535943893e-05
PO8_delta_rel_power,5.562745261751688e-05
O2_quartile_1,5.557361065973346e-05
nd_delta_rel_power,5.5420687391233975e-05
CP5_theta_rel_power,5.540852114048193e-05
nd_max,5.5378200452657386e-05
TP8_delta_rel_power,5.536917385736877e-05
CP2_median,5.530104712041882e-05
FC3_median,5.481566820276498e-05
P8_kurtosis,5.4737819485477627e-05
F7_skew,5.472261920228659e-05
F5_alpha_rel_power,5.4717447251042575e-05
P5_max,5.450968572534759e-05
P4_skew,5.381842976816677e-05
FCZ_beta_rel_power,5.379371894273017e-05
Y_ptp,5.362872421695953e-05
F7_max,5.343262342093411e-05
C5_beta_power,5.3369820512512545e-05
CP5_median,5.3254437869822495e-05
P3_delta_power,5.320254644666754e-05
P8_ptp,5.2913918343491705e-05
OZ_alpha_power,5.291005291005289e-05
CZ_gamma_rel_power,5.289211896376871e-05
FP2_max,5.235453007029419e-05
PZ_quartile_1,5.1503195513238565e-05
CZ_delta_rel_power,5.133246668833282e-05
AF1_gamma_rel_power,5.131578947368422e-05
FPZ_quartile_1,5.130245550214371e-05
P2_gamma_power,5.130245550214371e-05
CP1_max,5.0649350649350656e-05
C5_delta_rel_power,4.9454773300477564e-05
OZ_median,4.913076341647772e-05
FC5_alpha_rel_power,4.8989962219109507e-05
P6_quartile_3,4.8920754968153483e-05
TP7_median,4.7530061748456284e-05
F6_quartile_3,4.5780618233989805e-05
T7_beta_power,4.574780058651025e-05
C4_quartile_1,4.571800716379029e-05
P1_theta_rel_power,4.569122624316584e-05
CZ_std,4.562885927851803e-05
TP7_kurtosis,4.5602182668572164e-05
CZ_median,4.55873758036236e-05
CP3_beta_rel_power,4.295294347996346e-05
FPZ_mean,4.295294347996345e-05
AF8_min,4.28132318501171e-05
AF1_quartile_3,4.273816481589714e-05
FPZ_quartile_3,4.2735389610389615e-05
AF8_max,3.868024332187252e-05
PO1_min,3.836820358103234e-05
P3_quartile_3,3.8180394204411955e-05
P6_median,3.8056206088992974e-05
P1_delta_power,3.8011695906432746e-05
F8_max,3.800181889047681e-05
P2_quartile_3,3.798947983635301e-05
P6_quartile_1,3.798701298701299e-05
C5_median,2.8573754477368936e-05
P8_skew,2.813419418110504e-05
P6_beta_rel_power,2.8088868592110335e-05
AF2_mean,2.808179723502312e-05
O1_max,2.7613636363636395e-05
AF7_quartile_1,2.7338182954348626e-05
F3_quartile_1,2.7101043659373348e-05
T7_beta_rel_power,2.6418240850058996e-05
FP2_delta_power,2.0836082910931117e-05
P8_theta_power,1.8521894921408942e-05
nd_std,1.844681472822921e-05
FPZ_alpha_rel_power,1.3745300751879631e-05
FC4_alpha_rel_power,1.0924920260384115e-05
F4_max,1.0921266233766343e-05
P4_alpha_rel_power,1.0533446681897791e-05
X_mean,6.70092213780132e-06
F4_skew,6.564795657336252e-06
nd_skew,0.0
X_std,0.0
C3_delta_rel_power,0.0
AF1_delta_rel_power,0.0
AF2_median,0.0
Y_max,0.0
AF2_ptp,0.0
Y_min,0.0
X_theta_rel_power,0.0
AF1_skew,0.0
X_delta_rel_power,0.0
AFZ_alpha_power,0.0
AF2_quartile_3,0.0
P1_quartile_1,0.0
TP8_skew,0.0
FC4_delta_power,0.0
FP2_min,0.0
P5_alpha_power,0.0
FP1_median,0.0
FP1_skew,0.0
P6_theta_rel_power,0.0
FC6_skew,0.0
FC4_quartile_3,0.0
PO1_quartile_3,0.0
P7_quartile_3,0.0
FC3_beta_rel_power,0.0
P7_beta_power,0.0
P8_median,0.0
P8_alpha_power,0.0
F8_beta_rel_power,0.0
P5_skew,0.0
FP2_alpha_power,0.0
FPZ_max,0.0
P4_quartile_1,0.0
FPZ_alpha_power,0.0
P4_mean,0.0
FT7_alpha_rel_power,0.0
P3_kurtosis,0.0
FZ_mean,0.0
FZ_max,0.0
FZ_median,0.0
FZ_quartile_3,0.0
P2_theta_rel_power,0.0
OZ_skew,0.0
P2_min,0.0
P1_mean,0.0
P1_delta_rel_power,0.0
F8_delta_power,0.0
F5_skew,0.0
TP8_mean,0.0
CP3_mean,0.0
CP5_std,0.0
CP5_mean,0.0
T7_skew,0.0
T7_kurtosis,0.0
T7_median,0.0
CP3_quartile_1,0.0
T8_delta_power,0.0
PO7_std,0.0
CP2_min,0.0
T8_theta_rel_power,0.0
T8_beta_rel_power,0.0
CP1_median,0.0
TP7_min,0.0
C6_mean,0.0
PZ_delta_power,0.0
PZ_median,0.0
CP6_max,0.0
CP6_ptp,0.0
PZ_mean,0.0
CPZ_kurtosis,0.0
CPZ_theta_rel_power,0.0
CZ_kurtosis,0.0
POZ_quartile_1,0.0
PO8_beta_power,0.0
PO8_skew,0.0
PO8_min,0.0
F2_theta_rel_power,0.0
F3_median,0.0
F3_delta_power,0.0
F4_ptp,0.0
PO7_skew,0.0
FC6_mean,0.0
